interview,Old.Name,Notes,use,year_range,months,target,bycatch,light,abundance,depth.shallow,depth.deep,rate.hour,substrate,Name
1,1,2004 2010 year-round jan feb march april may june july aug sept oct nov dec night high (800 pounds in 15 min) cod  hit on way back 14-30 fathoms,fish,2004 2010,jan feb mar apr may jun jul aug sep oct nov dec,cod,no,night,high,14,30,,,1
1,2,2004 2010 fall oct nov dec day med abundance cod and flounder 30-45 fathoms,fish,2004 2010,oct nov dec,cod flounder,,day,medium,30,45,,,2
1,3,2004 2010 spring april may day high (800 pounds in 15 mins) cod 30-40 fathoms,fish,2004 2010,apr may,cod,,day,high,30,40,,,3
1,4,2004 2010 fall oct nov dec night high small cod 30 fathoms,fish,2004 2010,oct nov dec,cod,,night,high,30,30,,,4
1,5,2004 2010 oct nov dec fall large cod spotty day medium cod 40-50 fathoms,fish,2004 2010,oct nov dec,cod,,day,medium,40,50,,,5
1,5,2004 2010 specific fish monks flounders fall oct nov dec,fish,2004 2010,oct nov dec,monkfish flounder,,,,,,,,6
1,6,2004 2010 groundfish,fish,2004 2010,,groundfish,,,,,,,,7
1,9,"2013 same as int_4, polygon 6, fishing together specific fish flounder haddock leave if catch too many c c bycatch may june july aug sept oct nov dec",fish,2013,may jun jul aug sep oct nov dec,flounder haddock,yes,,,,,,,10
1,10,"2013 same as int_4, polygon 10, fishing together specific fish",fish,2013,,specific,,,,,,,,11
1,11,"2013 same as int_4, polygon 11 specific fishing",fish,2013,,specific,,,,,,,,12
1,72,groundfish 2013,fish,2013,,groundfish,,,,,,,,13
1,7 (avoid),"2013 avoid same as int_4, 12 (avoid), fishing together avoid humps and edges  winter feb march april day",avoid,2013,feb mar apr,avoid,,day,,,,,,8
1,8 (avoid),"2013 avoid same as int_4, 5_avoid, fishing together",avoid,2013,,avoid,,,,,,,,9
2,1,2004 2010 2013 groundfish,fish,2004 2010 2013,,groundfish,,,,,,,,1
2,3,2004 march april day high (800 pounds in 2-3 hour tow) cod 45-58 fathoms,fish,2004,mar apr,cod,,day,high,45,58,,,4
2,3,2004 specific fish march april haddock 45-58 fathoms,fish,2004,mar apr,haddock,,,,45,58,,,5
2,4,2004 specific fish,fish,2004,,specific,,,,,,,,6
2,5,2004 specific fish march april,fish,2004,mar apr,specific,,,,,,,,7
2,6,2010 may june july day med cod 45-80 fathoms,fish,2010,may jun jul aug sep oct nov dec,cod,,day,medium,45,80,,,8
2,7,2013 specific fish july sept aug oct nov haddock 75% of fishing done here,fish,2013,jul aug sep oct nov,haddock,,,,,,,,9
2,8,2013 med abundance (couple thousand in a day) may june july aug sept oct nov  day cod 40-60 fathoms,fish,2013,may jun jul aug sep oct nov dec,cod,,day,medium,40,60,,,10
2,9,2013 Thatcher tow specific fish haddock,fish,2013,,haddock,,,,,,,,12
2,9,2013 Thatcher tow cod varied abundance 60 fathoms,fish,2013,,cod,,,,60,60,,,13
2,2_fall_win_spring,2004 cod mid-sept oct nov dec jan feb march april  day  16-23 fathoms  high,fish,2004,jan feb mar apr sep oct nov dec,cod,,day,high,16,23,,,2
2,2_sum_fall,2004 cod june july aug mid-sept  night  16-23 fathoms  high,fish,2004,jun jul aug sep,cod,,night,high,16,23,,,3
2,8_avoid,2013 avoid dec jan feb march april,avoid,2013,jan feb mar apr dec,avoid,,,,,,,,11
3,1,2004 specific fish pollock flounder,fish,2004,,pollock flounder,,,,,,,,1
3,2,2013 gen groundfish,fish,2013,,groundfish,,,,,,,,2
3,3,2004 2010 cod may june day and night 20-35 fathom med caught while fish for haddock,fish,2004 2010,may jun,haddock,,day night,medium,20,35,,,3
3,3,2004 2010 specific fish haddock may june,fish,2004 2010,may jun,haddock,,,,,,,,4
3,4,2004 2010 cod year-round get limit while fishing for redfish and pollock night 15-25 fathoms high,fish,2004 2010,jan feb mar apr may jun jul aug sep oct nov dec,redfish pollock,,night,high,15,25,,,6
3,5,2004 2010 cod year-round  get limit while fishing for redfish and pollock night 15-25 fathoms high,fish,2004 2010,jan feb mar apr may jun jul aug sep oct nov dec,redfish pollock,,night,high,15,25,,,8
3,6,2010 groundfish,fish,2010,,groundfish,,,,,,,,10
3,7,2010 specific fish haddock,fish,2010,,haddock,,,,,,,,11
3,8,2010  cod  winter dec jan feb march night 30-60 fathom,fish,2010,jan feb mar dec,cod,,night,,30,60,,,12
3,8,2010  specific fish haddock pollock winter dec jan feb march,fish,2010,jan feb mar dec,haddock pollock,,,,,,,,13
3,8,2013 avoid winter dec jan feb march,avoid,2013,jan feb mar dec,avoid,,,,,,,,14
3,10,2013  cod 18K in four tows  high april,fish,2013,apr,cod,,,high,,,,,15
3,11,2004 gen groundfish,fish,2004,,groundfish,,,,,,,,17
3,12,2013 haddock  specific fish c bycatch low,fish,2013,,haddock,yes,,low,,,,,18
3,13,2004 2010 cod 40-50 fathoms spring march april may june low day night,fish,2004 2010,mar apr may jun,cod,,day night,low,40,50,,,19
3,13,2004 2010 specific fish lobster flounder haddock  spring march april may june,fish,2004 2010,mar apr may jun,lobster flounder haddock,,,,,,,,20
3,14,2004 2010 30 fathoms spring march april may june low day night cod,fish,2004 2010,mar apr may jun,cod,,day night,low,30,30,,,22
3,14,2004 2010 specific fish spring march april may june lobster flounder haddock,fish,2004 2010,mar apr may jun,lobster flounder haddock,,,,,,,,23
3,15,2004 specific fish pollock redfish flounder,fish,2004,,pollock redfish flounder,,,,,,,,25
3,16,2004 specific fish pollock redfish,fish,2004,,pollock redfish,,,,,,,,26
3,17,2004 2010 cod may june day and night 20-35 fathom med caught while fish for haddock,fish,2004 2010,may jun,haddock,,day night,medium,20,35,,,27
3,17,2004 2010 specific fish haddock may june,fish,2004 2010,may jun,haddock,,,,,,,,28
3,18,2010 2013 specific fish haddock flounder fish 70+ fathoms,fish,2010 2013,,haddock flounder,,,,70,70,,,30
3,19,2004  specific fish haddock flounder,fish,2004,,haddock flounder,,,,,,,,32
3,10_avoid,2013  avoid april,avoid,2013,apr,avoid,,,,,,,,16
3,13_avoid,2013 avoid spring march april may june,avoid,2013,mar apr may jun,avoid,,,,,,,,21
3,14_avoid,2013 avoid spring march april may june,avoid,2013,mar apr may jun,avoid,,,,,,,,24
3,17_avoid,2013 avoid may june,avoid,2013,may jun,avoid,,,,,,,,29
3,18_avoid,2013 avoid by fishing 70+ fathoms make short tows year round to check,avoid,2013,jan feb mar apr may jun jul aug sep oct nov dec,avoid,,,,70,70,,,31
3,3_avoid,2013 avoid may june,avoid,2013,may jun,avoid,,,,,,,,5
3,4_avoid,2013 avoid year-round jan feb march april may june july aug sept oct nov dec,avoid,2013,jan feb mar apr may jun jul aug sep oct nov dec,avoid,,,,,,,,7
3,5_avoid,2013 avoid year-round jan feb march april may june july aug sept oct nov dec,avoid,2013,jan feb mar apr may jun jul aug sep oct nov dec,avoid,,,,,,,,9
4,1,2004 2010 groundfish,fish,2004 2010,,groundfish,,,,,,,,1
4,2,"2004 2010 nov dec   day med abundance (800 in a 15 min tow) cod 30-40 fathoms 2010 spent more time there, would get 4000-5000 pounds in 5 hours to day and a half",fish,2004 2010,nov dec,cod,,day,medium,30,40,,,3
4,3,"2004 april may june july day med abundance (800 in a couple hour tow) fished for flounders, picked up cod 34-50 fathoms cod",fish,2004,apr may jun jul,flounder cod,,day,medium,34,50,,,5
4,4,2004 specific fish  flounder,fish,2004,,flounder,,,,,,,,7
4,5,2004 2010 april may june july aug sept oct nov  night high (800 pounds in 15 min tow) cod 14-20 fathoms,fish,2004 2010,apr may jun jul aug sep oct nov,cod,,night,high,14,20,,,8
4,6,2004 2010  dec jan feb march  day and night med abundance cod with flounders 40-46 fathoms cod,fish,2004 2010,jan feb mar dec,cod flounder,,day night,medium,40,46,,,10
4,6,2013 specific fish flounder haddock leave if catch too many cod c bycatch may june july aug sept oct nov dec,fish,2013,may jun jul aug sep oct nov dec,flounder haddock,yes,,,,,,,11
4,7,2004 specific fish flounder day and night,fish,2004,,flounder,,day night,,,,,,12
4,7,2004 groundfish,fish,2004,,groundfish,,,,,,,,13
4,8,2010 groundfishing,fish,2010,,groundfish,,,,,,,,14
4,9,"2010 april may june july day med abundance (4-5K pounds in a couple days) cod, flounder, grey sole, monks 34-50 fathoms cod",fish,2010,apr may jun jul,cod flounder monkfish greysole,,day,medium,34,50,,,15
4,10,2013 specific fish,fish,2013,,specific,,,,,,,,16
4,11,2013  specific fish,fish,2013,,specific,,,,,,,,17
4,12,2013 avoid avoid humps and edges  winter feb march april day,avoid,2013,feb mar apr,avoid,,day,,,,,,18
4,1_gf,2004 2010  2013 groundfish,fish,2004 2010 2013,,groundfish,,,,,,,,2
4,2_gf,2010 groundfish,fish,2010,,groundfish,,,,,,,,4
4,3_gf,2004 groundfish,fish,2004,,groundfish,,,,,,,,6
4,5_avoid,2013 avoid,avoid,2013,,avoid,,,,,,,,9
5,1,2004 2010 cod dec jan high 2004 abundance 800/30 min or less 2010 abundance 2-3K/30 day 15-38F,fish,2004 2010,jan dec,cod,,day,high,15,38,,,1
5,2,2004 2010 night july aug sept  cod high 15 min/2-3K 33F,fish,2004 2010,jul aug sep oct nov,cod,,night,high,33,33,,,3
5,3,2004 2010 cod high 2-3K/hr day may june july  37F,fish,2004 2010,may jun jul,cod,,day,high,37,37,,,5
5,4,2004 2010 cod 2-3K/hr high day 17-19F april may,fish,2004 2010,apr may,cod,,day,high,17,19,,,7
5,4,2013 cod  2-3K/hr high day 17-19F april may,fish,2013,apr may,avoid,,day,high,17,19,,,9
5,5,2004 2010 cod high 2-3K/hr day 35F oct nov dec april may,fish,2004 2010,apr may oct nov dec,cod,,day,high,35,35,,,10
5,1_avoid,2013 avoid dec jan high 800/30 min or less 2-3K/30 day 15-38F,avoid,2013,jan dec,avoid,,day,high,15,38,,,2
5,2_avoid,2013 night july aug sept  avoid high 15 min/2-3K 33F,avoid,2013,jul aug sep oct nov,avoid,,night,high,33,33,,,4
5,3_avoid,2013 avoid high 2-3K/hr day may june july  37F,avoid,2013,may jun jul,avoid,,day,high,37,37,,,6
5,4_avoid,2013 avoid 2-3K/hr high day 17-19F april may,avoid,2013,apr may,cod,,day,high,17,19,,,8
5,5_avoid,2013 avoid high 2-3K/hr day 35F oct nov dec april may,avoid,2013,apr may oct nov dec,avoid,,day,high,35,35,,,11
5,gf,2004 2010 2013 ground,fish,2004 2010 2013,,groundfish,,,,,,,,12
6,19,"2010,2013 tow around humps can't tow over hard bottom fish specific",fish,2010 2013,,specific,,,,,,,,2
6,20,2004 fall cod October nov dec jan daytime fishing high  various humps kennedy's fall get large markets 30-35F 1K/hr easy. Never more than an hr. Usually 1k/30min spawning,fish,2004,jan oct nov dec,cod,,day,high,30,35,,,3
6,21,2004 cod april may june july aug sept oct night time 15-20F 800lbs a day 800lbs/15 min or 800lbs/day feeding cod high,fish,2004,apr may jun jul aug sep oct,cod,,night,high,15,20,,,5
6,22,"2010,2013 fish specific tow around humps",fish,2010 2013,,specific,,,,,,,,7
6,20_avoid,fall oct nov dec jan 2013 2010 daytime fishing avoid,avoid,2010 2013,jan oct nov dec ,avoid,,day,,,,,,4
6,21_avoid,"2013, 2010 spring summer april may june july aug sept oct night time avoid",avoid,2010 2013,apr may jun jul aug sep oct,avoid,,night,,,,,,6
6,7gf,grounfish 2004 2010 2013 2004 whiting fishery do we want to count this?,fish,2004 2010 2013,,groundfish whiting,,,,,,,,1
9,1,"market spring march, april, may day night (fixed gear) 15-30F high cod 2004 2010 800/15hr soak",fish,2004 2010,mar apr may,cod,,day night,high,15,30,,,1
9,2,"market spring march, april, may day night (fixed gear) 15-30F cod high 800/15hr soak 2004 2010",fish,2004 2010,mar apr may,cod,,day night,high,15,30,,,3
9,2,2004 cod 800/8hrs high oct nov,fish,2004,oct nov,cod,,,high,,,,,4
9,11,specific fish 2004-2009,fish,2004 2010,,specific,,,,,,,,6
9,11,2013 cod 400/16hr high high b/c not targeting specific  33F may,fish,2013,may,cod,,,high,33,33,,,7
9,12,specific fish 2004-2009,fish,2004 2010,,specific,,,,,,,,8
9,35,specific fish 2004-2009,fish,2004 2010,,specific,,,,,,,,9
9,36,"market spring march, april, may day night (fixed gear) 15-30F high cod 2004 2010 800/15hr soak",fish,2004 2010,mar apr may,cod,,day night,high,15,30,,,10
9,40,cod 2004 2010 high  30F spring may june july aug sept oct 800/16-20hr soak market day night (fixed gear),fish,2004 2010,may jun jul aug sep oct,cod,,day night,high,30,30,,,14
9,1_avoid,"2013 march, april, may day night (fixed gear) avoid",avoid,2013,mar apr may,avoid,,day night,,,,,,2
9,2_avoid,"2013  march, april, may day night (fixed gear) avoid",avoid,2013,mar apr may,avoid,,day night,,,,,,5
9,36_avoid,"2013 march, april, may day night (fixed gear) avoid",avoid,2013,mar apr may,avoid,,day night,,,,,,11
9,37_38,2004-2009 specific fish,fish,2004 2010,,specific,,,,,,,,12
9,39_38,"market 2010, 2013 specific fish",fish,2010 2013,,specific,,,,,,,,13
9,40_avoid,2013 spring may june july aug sept avoid day night (fixed gear),avoid,2013,may jun jul aug sep,avoid,,day night,,,,,,15
9,72gf,2013 groundfish,fish,2013,,groundfish,,,,,,,,16
9,72gf,2004 2010 groundfish,fish,2004 2010,,groundfish,,,,,,,,17
9,Untitled Polygon,2004 2010 cod high  3-4k/15 hr 35-40F april may nov (fishing with interviewer 19),fish,2004 2010,apr may nov,cod,,day night,high,35,40,,,18
10,1,2013 specific fishing haddock,fish,2013,,haddock,,,,,,,,1
10,41,2004 cod april may june high 30F cod TIME OF DAY ?? RATE OF FISHING ??,fish,2004,apr may jun,cod,,,high,30,30,,,3
10,42,2004 cod april may june high 35-42F TOD?? CATCH RATE??,fish,2004,apr may jun,cod,,,high,35,42,,,5
10,43,cod 2004  april  may june high TOD RATE?,fish,2004,apr may jun,cod,,,high,,,,,7
10,44,cod 2004 april may june high TOD DEPTH RATE??,fish,2004,apr may jun,cod,,,high,,,,,9
10,45,2004 cod  april may june july high TIME OF DAY DEPTH RATE??,fish,2004,apr may jun jul,cod,,,high,,,,,11
10,46,2013 flounder specific fish MONTHS,fish,2013,,flounder,,,,,,,,13
10,47,"2004 cod november, dec, jan high 30F TOD? RATE?",fish,2004 2010,jan nov dec,cod,,,high,30,30,,,14
10,48,"2004 cod december, jan, feb, march water temperatures warm 30F if water temp cold 45-40F high TOD? CATCH RATE?",fish,2004,jan feb mar dec,cod,,,high,30,45,,,16
10,49,Feb march july august 2013 avoid TIME OF DAY DEPTH,avoid,2013,feb mar jul aug,avoid,,,,,,,,18
10,50,cod 2004 july june august  high  DEPTH TIME OF DAY RATE???,fish,2004,jun jul aug,cod,,,high,,,,,20
10,51,2004 cod  june july august high TOD DEPTH RATE,fish,2004,jun jul aug,cod,,,high,,,,,22
10,52,cod 2010  may june day large DEPTH RATE,fish,2010,may jun,cod,,day,,,,,,24
10,53,bycatch 2013 specific fishing MONTHS TOD,fish,2013,,monkfish,yes,,,,,,,26
10,54,cod 2010 night may june scrod market DEPTH,fish,2010,may jun,cod,,night,,,,,,27
10,1gf,2004 2010 2013 groundfishing,fish,2004 2010 2013,,groundfish,,,,,,,,2
10,41_avoid,2013 avoid april may june,avoid,2013,apr may jun,avoid,,,,,,,,4
10,42_avoid,2013 avoid april may june TOD,avoid,2013,apr may jun,avoid,,,,,,,,6
10,43_avoid,april  avoid may june 2013 TOD,avoid,2013,apr may jun,avoid,,,,,,,,8
10,44_avoid,april may june 2013 avoid TOD,avoid,2013,apr may jun,avoid,,,,,,,,10
10,45_avoid,april may june july avoid 2013 TIME OF DAY DEPTH,avoid,2013,apr may jun jul,avoid,,,,,,,,12
10,47_avoid,"november, dec, jan avoid 2013 TOD",avoid,2013,jan nov dec,avoid,,,,,,,,15
10,48_avoid,"2013 avoid  december, jan, feb, march TOD DEPTH?",avoid,2013,jan feb mar dec,avoid,,,,,,,,17
10,49_avoid,2004 avoid  Feb march july august high TIME OF DAY DEPTH,avoid,2004,feb mar jul aug,avoid,,,high,,,,,19
10,50_avoid,july june august avoid 2013 DEPTH TIME OF DAY,avoid,2013,jun jul aug,avoid,,,,,,,,21
10,51_avoid,june july august 2013 avoid TOD DEPTH,avoid,2013,jun jul aug,avoid,,,,,,,,23
10,52_avoid,may june day avoid 2013,avoid,2013,may jun,avoid,,day,,,,,,25
10,54_avoid,2013 night may june avoid,avoid,2013,may jun,avoid,,night,,,,,,28
11,57,specific fishing 2013-2022,fish,2013,,specific,,,,,,,,3
11,58,2004 2010 2013 cod june low-med SAME AS OTHER FOR AUNDANCE day night (fixed gear) 28-65 fathoms,fish,2004 2010 2013,jun,cod,,day night,low,28,65,,,4
11,59,"2004, 2010 cod june low-med 200-500/24hr soak day night (fixed gear) 28-65 fathoms",fish,2004 2010,jun,cod,,day night,low,28,65,,,5
11,60,2004 2010 cod july aug sept oct nov dec jan day night (fixed gear) 28-65 fathoms high 800-5K lbs cod 24hrs.,fish,2004 2010,jan jul aug sep oct nov dec,cod,,day night,high,28,65,,,7
11,61,2013 cod july aug sept oct nov dec jan day night (fixed gear) 28-65 fathoms high 800-5K lbs cod 24hrs. (low-high),fish,2013,jan jul aug sep oct nov dec,cod,,day night,medium,28,65,,,9
11,62,2004 2010 2013 cod march april may 65-100 fathoms low-med  500-800 /24hr soak day night (fixed gear),fish,2004 2010 2013,mar apr may,cod,,day night,low,65,100,,,10
11,63,2004 2010 cod march april may low-med 400-800/24hr soak. 50-100 fathoms day night (fixed gear),fish,2004 2010,mar apr may ,cod,,day night,low,50,100,,,12
11,64,2004 2010 cod may low-med 55-85F 1-3K /24hr soak day night (fixed gear),fish,2004 2010,may,cod,,day night,medium,55,85,,,14
11,65,2004 2010 cod july aug sept oct nov dec jan medium 800-1K/24 soak day night (fixed gear) 60-35F,fish,2004 2010,jan jul aug sep oct nov dec,cod,,day night,medium,35,60,,,16
11,66,2004 2010  cod april may june july aug sept oct nov dec jan high day night (fixed gear) 800-5K /24hr soak 65-28F,fish,2004 2010,jan apr may jun jul aug sep oct nov dec,cod,,day night,high,28,65,,,17
11,66,2013 cod bycatch low july august sept oct nov dec jan day night (fixed gear) 400-1K/24 hrs soak 65-28F,fish,2013,jan jul aug sep oct nov dec,cod,yes,day night,low,28,65,,,18
11,67,2004 2010 cod july aug sept oct nov dec jan high 28-55F day night (fixed gear) 800-5K lbs cod 24hrs.,fish,2004 2010,jan jul aug sep oct nov dec,cod,,day night,high,28,55,,,19
11,1 gf,2004 2010 2013 groundfishing area,fish,2004 2010 2013,,groundfish,,,,,,,,1
11,55 gf,2004 2010  groundfish,fish,2004 2010,,groundfish,,,,,,,,2
11,59_avoid,june day night (fixed gear) 28-65 fathoms avoid 2013,avoid,2013,jun,avoid,,day night,,28,65,,,6
11,60_2013,2013 cod july aug sept oct nov dec jan day night (fixed gear) 28-65 fathoms low-mid 800-5K lbs cod 24hrs. (low-high) lower end of range for 2013 time period,fish,2013,jan jul aug sep oct nov dec,cod,,day night,low,28,65,,,8
11,62_avoid,2013 avoid march april may 65-100 fathoms low-med  500-800 /24hr soak day night (fixed gear),avoid,2013,mar apr may,avoid,,day night,low,65,100,,,11
11,63_avoid,2004 2010 avoid march april may low-med 400-800/24hr soak. 50-100 fathoms day night (fixed gear),avoid,2004 2010,mar apr may,avoid,,day night,low,50,100,,,13
11,64_avoid,may day night (fixed gear) 2013 avoid,avoid,2013,may,avoid,,day night,,,,,,15
11,Untitled Polygon,2013  cod day night fixed net 30 nets 500-1K/24hr soak 50-90F,fish,2013,,cod,,day night,low,50,90,,,20
12,68,2004 2010 cod high night  14-40F jan feb march april may june september october november december,fish,2004 2010,jan feb mar apr may jun sep oct nov dec,cod,,night,high,14,40,,,1
12,69,2010 2004 cod high feb march april  5-6K in a day day and night 60-80F,fish,2004 2010,feb mar apr,cod,,day night,high,60,80,,,3
12,70,2004 2010 cod low-high feb march april gravel/rock day and night 80-90F cod market-large 300-400 or 3K-4K,fish,2004 2010,feb mar apr,cod,,day night,medium,80,90,,,5
12,70,2013 cod low jan feb may june july august sept oct nov dec gravel/rock day and night 80-90F cod market-large 300-400,fish,2013,jan feb may jun jul aug sep oct nov dec,cod,,day night,low,80,90,,,6
12,71,2004 cod low-medium dec jan feb march april both pollock mostly  deep as 80F 500-1000K a day,fish,2004,jan feb mar apr dec,cod pollock,,day night,medium,80,80,,,8
12,73,"2004 cod medium oct nov dec both 70-90F grey sol monks and some cod, 1000K a day",fish,2004,oct nov dec,cod greysole monkfish,,day night,medium,70,90,,,10
12,74,2004 2010 low-medium feb march april 400-450lbs a day gravel/rock day and night 90-100F cod,fish,2004 2010,feb mar apr,cod,,day night,medium,90,100,,,12
12,74,2013 march april  4000K left in quota so he did a tow there mid trip 4000K after 3-5 trips making a tow. day  90-115F cod,fish,2013,mar apr,cod,,day,high,90,115,,,13
12,75,2004 cod high november december july aug both 59-100F 2500-3000/day pollock red fish too there so mix bag fishing,fish,2004,jul aug nov dec,cod pollock redfish,,day night,high,59,100,,,14
12,76,2004 high cod  may june july day 75-58F mixed bag fishing. flounders. 2500-3000/day.,fish,2004,may jun jul,cod flounder,,day,high,58,75,,,16
12,77,ground 2010 2013,fish,2010 2013,,groundfish,,,,,,,,18
12,78,ground 2004,fish,2004,,groundfish,,,,,,,,19
12,68_avoid,2013 night avoid MONTHS  ( 'NEARLY ALL MONTHS 10/12') DEPTH,avoid,2013,,avoid,,night,,,,,,2
12,69_avoid,2013 feb march april  avoid TOD DEPTH,avoid,2013,feb mar apr,avoid,,,,,,,,4
12,70_avoid,2013 avoidance march april gravel/rock day and night 80-90F cod market-large,avoid,2013,mar apr,avoid,,day night,,80,90,,,7
12,71_avoid,2013 avoid dec jan feb march april both DEPTH heck dates and location in closure,avoid,2013,jan feb mar apr dec,avoid,,day night,,,,,,9
12,73_avoid,2013 avoid oct nov dec both DEPTH,avoid,2013,oct nov dec,avoid,,day night,,,,,,11
12,75_avoid,2013 november december july aug both avoid DEPTH,avoid,2013,jul aug nov dec,avoid,,day night,,,,,,15
12,76_avoid,2013  may june july day avoid DEPTH,avoid,2013,may jun jul,avoid,,day,,,,,,17
17,82,2004 fish specific june july aug,fish,2004,jun jul aug,specific,,,,,,,,2
17,82,2013 oct nov dec jan feb fish specific,fish,2013,jan feb oct nov dec,specific,,,,,,,,3
17,83,2004 june july august medium-high day night (fixed gear) cod DEPTH,fish,2004,jun jul aug,cod,,day night,medium,,,,,4
17,84,2004 high may june july aug sept oct nov cod day night (fixed gear) DEPTH,fish,2004,may jun jul aug sep oct nov,cod,,day night,high,,,,,6
17,84,2013 may june july aug sept oct nov specific fishing,fish,2013,may jun jul aug sep oct nov,specific,,,,,,,,7
17,85,may june july aug sept oct nov 2004 2010 high cod day night (fixed gear) DEPTH,fish,2004 2010,may jun jul aug sep oct nov,cod,,day night,high,,,,,9
17,86,2004 2010 spring fall may june july aug sept oct nov high cod day night (fixed gear) DEPTH,fish,2004 2010,may jun jul aug sep oct nov,cod,,day night,high,,,,,11
17,86,2013 fall sept oct nov cod day night (fixed gear) ABUNDANCE??? DEPTH,fish,2013,sep oct nov,cod,,day night,,,,,,12
17,87,2013 specific fish summer fall MONTHS???,fish,2013,summer fall,specific,,,,,,,,13
17,88,2004 spring fall cod high day night (fixed gear) MONTHS???? DEPTH,fish,2004,spring fall,cod,,day night,high,,,,,14
17,89,2004 2013 specific fishing day night (fixed gear) MONTHS???,fish,2004 2010 2013,,specific,,day night,,,,,,16
17,90,2004 40 fathoms high cod feb march april may winter day night (fixed gear),fish,2004,feb mar apr may,cod,,day night,high,40,40,,,17
17,91,2004 2010 spring summer specific fish day night (fixed gear) MONTHS???,fish,2004 2010,spring summer,specific,,day night,,,,,,19
17,92,2004 2010 high spring summer cod day night (fixed gear) MONTHS??? DEPTH,fish,2004 2010,spring summer,specific,,day night,high,,,,,20
17,93,2004 2010 only catch cod on peaks low-med only catch cod on peaks within area may june july spring cod day night (fixed gear) DEPTH,fish,2004 2010,may jun jul,cod,,day night,medium,,,,,22
17,94,2004 2010 2013 specific fish may june july,fish,2004 2010 2013,may jun jul,specific,,,,,,,,24
17,95,2004 2010 low-med may june july cod day night (fixed gear) DEPTH,fish,2004 2010,may jun jul,cod,,day night,low,,,,,25
17,96,2004 summer fall specific fishing MONTHS???,fish,2004,summer fall,specific,,,,,,,,27
17,97,2004 med summer fall cod day night (fixed gear) MONTHS???? DEPTH,fish,2004,summer fall,cod,,day night,medium,,,,,28
17,98,specific fish nov dec jan 2010,fish,2010,jan nov dec,avoid,,,,,,,,30
17,99,2004 low fall cod day night (fixed gear) MONTHS????,fish,2004,fall,cod,,day night,low,,,,,31
17,100,2004 2010 day night (fixed gear) high cod fall large markets MONTHS???,fish,2004 2010,fall,cod,,day night,high,,,,,33
17,101,2013 specific fishing pollock fall MONTHS????,fish,2013,fall,pollock,,,,,,,,35
17,102,med cod 2004 2010 more cod focused 2010-2012 nov dec jan L cod in spring large market (6-9) day night (fixed gear),fish,2004 2010,jan nov dec,cod,,day night,medium,,,,,36
17,103,2004 low cod fall large markets day night (fixed gear) MONTHS???,fish,2004,fall,cod,,day night,low,,,,,38
17,100_avoid,2013 avoid day night (fixed gear) MONTHS???,avoid,2013,,avoid,,day night,,,,,,34
17,102_avoid,2013 avoid nov dec jan day night (fixed gear),avoid,2013,jan nov dec,avoid,,day night,,,,,,37
17,103_avoid,2013 avoid day night (fixed gear) MONTHS???,avoid,2013,,avoid,,day night,,,,,,39
17,1H,groundfishing 2004 2013 2010,fish,2004 2010 2013,,groundfish,,,,,,,,1
17,83_avoid,avoid 2013 june july august day night (fixed gear) TOD??,avoid,2013,jun jul aug,avoid,,day night,,,,,,5
17,84_avoid,"2013 avoid may june july aug sept oct nov fish on edge, avoid peaks day night (fixed gear) MONTHS??",avoid,2013,may jun jul aug sep oct nov,avoid,,day night,,,,,,8
17,85_avoid,may june july aug sept oct nov 2013 avoid day night (fixed gear) DEPTH,avoid,2013,may jun jul aug sep oct nov,avoid,,day night,,,,,,10
17,88_avoid,2013 avoid day night (fixed gear) MONTHS????,avoid,2013,,avoid,,day night,,,,,,15
17,90_avoid,2013 avoid 40 fathoms feb march april may winter day night (fixed gear),avoid,2013,feb mar apr may,avoid,,day night,,40,40,,,18
17,92_avoid,2013 AVOID THIS AREA OR #91 spring summer day night (fixed gear) MONTHS??? DEPTH,avoid,2013,spring summer,avoid,,day night,,,,,,21
17,93_avoid,2013 may june july spring day night (fixed gear) avoid DEPTH,avoid,2013,may jun jul,avoid,,day night,,,,,,23
17,95_avoid,2013 may june july day night (fixed gear) avoid DEPTH,avoid,2013,may jun jul,avoid,,day night,,,,,,26
17,97_avoid,2013 AVOID THIS OR BIGGER #96 summer fall day night (fixed gear) MONTHS??? DEPTH,avoid,2013,summer fall,avoid,,day night,,,,,,29
17,99_avoid,2013 avoid day night (fixed gear) MONTHS????,avoid,2013,,avoid,,day night,,,,,,32
19,50,2004 specific_fishing dec,fish,2004,dec,specific,,,,,,,,2
19,51,2004 cod high december day night (fixed gear) 13F 1 hr 800lbs,fish,2004,dec,cod,,day night,high,13,13,,,3
19,52,2004 specific_fishing march,fish,2004,mar,specific,,,,,,,,5
19,53,2004 cod  high  march  35-40F day night (fixed gear) 800lbs/1hr,fish,2004,mar,cod,,day night,high,35,40,,,6
19,54,2004 2010 day night (fixed gear) fish specific cod june-december 2010-12 high  3-4K in 20hrs 40-45F,fish,2004 2010,jun jul aug sep oct nov dec,cod,,day night,high,40,45,,,8
19,55,2004  specific_fishing dec,fish,2004,dec,specific,,,,,,,,9
19,56,2004 cod high 800lbs/1hr dec 16F day night (fixed gear),fish,2004,dec,cod,,day night,high,16,16,,,10
19,57,2004 2010  specific_fishing  may june july august sept oct nov dec  19F,fish,2004 2010,may jun jul aug sep oct nov dec,specific,,,,19,19,,,12
19,58,2004  cod  may june july aug sept oct nov dec medium-high highest in dec  19F 300-400/hr day night (fixed gear),fish,2004,may jun jul aug sep oct nov dec,cod,,day night,medium,19,19,,,13
19,59,2010 cod high 800lb/hr oct nov dec 40F large day night (fixed gear),fish,2010,oct nov dec,cod,,day night,high,40,40,,,15
19,60,2004 2010 2013 specific_fishing DEPTH TOY TOD,fish,2004 2010 2013,,specific,,,,,,,,17
19,70,2004 cod  medium dec 25F day night (fixed gear) 3-400/hr,fish,2004,dec,cod,,day night,medium,25,25,,,21
19,71,2004 2013 specific_fishing  day night (fixed gear) TOY,fish,2004 2010 2013,,specific,,day night,,,,,,23
19,72,2004  cod oct med 300-400/hr 40-50F day night (fixed gear),fish,2004,oct,cod,,day night,medium,40,50,,,24
19,72,2013 cod mix pollock/hake 2k/day 16hrs bycatch medium oct nov 40-50F day night (fixed gear),fish,2013,oct nov,cod pollock hake,yes,day night,medium,40,50,,,25
19,75,2004 2010 2013 specific_fish sept oct BYCATCH OR LOW COD? TOD ABUNDANCE,fish,2004 2010 2013,sep oct,specific,yes,,,,,,,26
19,76,2004 2010 2013 specific fish,fish,2004 2010 2013,,specific,,,,,,,,27
19,77,2004 2010 2013 specific fish TOD TOY,fish,2004 2010 2013,,specific,,,,,,,,28
19,78,2004 may sept oct nov  med  cod 48F day night (fixed gear),fish,2004,may sep oct nov,cod,,day night,medium,48,48,,,29
19,78,2013 cod bycatch may sept oct nov  7-800/16 hrs day night (fixed gear) 48F,fish,2013,may sep oct nov,cod,yes,day night,low,48,48,,,30
19,79,2004 2010 cod  med 300-400/hr may june oct nov 32F day night (fixed gear),fish,2004 2010,may jun oct nov,cod,,day night,medium,32,32,,,32
19,80,2004  2010  2013 jan feb march specific_fishing day night (fixed gear) ABUNDACE DEPTH,fish,2004 2010 2013,jan feb mar,specific,,day night,,,,,,35
19,81,2004 2010  cod jan feb march medium  300-400/hr day night (fixed gear) 65F,fish,2004 2010,jan feb mar,specific,,day night,medium,65,65,,,36
19,81,2013 cod bycatch 7-800lbs/16hrs jan feb march day night (fixed gear),fish,2013,jan feb mar,cod,yes,day night,low,,,,,37
19,82,2004  cod  june july 25F high 800/hr day night (fixed gear),fish,2004,jun jul,cod,,day night,high,25,25,,,39
19,83,2004 2010 march april specific_fishing low mostly hake,fish,2004 2010,mar apr,hake,,,low,,,,,40
19,84,2004  fish specific TOY  TOD,fish,2004,,specific,,,,,,,,42
19,85,2004 fish specific  TOY TOD DEPTH,fish,2004,,specific,,,,,,,,43
19,1J,ground 2004  2010  2013 Can YOU EXPAND???,fish,2004 2010 2013,,groundfish,,,,,,,,1
19,51_avoid,2013 avoid december day night (fixed gear),avoid,2013,dec,avoid,,day night,,,,,,4
19,53_avoid,2013 march  35-40F day night (fixed gear) avoid,avoid,2013,mar,avoid,,day night,,35,40,,,7
19,56_avoid,2013 avoid dec 16F day night (fixed gear),avoid,2013,dec,avoid,,day night,,16,16,,,11
19,58_avoid,2013 avoid may june july aug sept oct nov dec 19F day night (fixed gear),avoid,2013,may jun jul aug sep oct nov dec,avoid,,day night,,19,19,,,14
19,59_avoid,2013 avoid oct nov dec 40F day night (fixed gear),avoid,2013,oct nov dec,avoid,,day night,,40,40,,,16
19,61_avoid,2013 avoid almost year round aboid high nov dec jan 15-40F low-medium feb march april may june july aug sept oct day night (fixed gear),avoid,2013,jan feb mar apr may jun jul aug sep oct nov dec,avoid,,day night,high,15,40,,,18
19,61_high,2004 2010  cod almost year round high nov dec jan 15-20F day night (fixed gear) 800/1hr,fish,2004 2010,jan feb mar apr may jun jul aug sep oct nov dec,cod,,day night,high,15,20,,,19
19,61_low,2004 2010  cod 15-20F low feb march april may june july aug sept oct day night (fixed gear),fish,2004 2010,feb mar apr jun jul aug sep oct,cod,,day night,low,15,20,,,20
19,70_avoid,2013 avoid dec 25F day night (fixed gear),avoid,2013,dec,avoid,,day night,,25,25,,,22
19,78_avoid,2013 avoid may sept oct nov  day night (fixed gear) 48F,avoid,2013,may sep oct nov,avoid,,day night,,48,48,,,31
19,79_avoid,2013 avoid may june  32F day night (fixed gear),avoid,2013,may jun,avoid,,day night,,32,32,,,33
19,79_avoid,2013 cod oct nov dec bycatch 7-800lbs/16hrs 32F day night (fixed gear),avoid,2013,oct nov dec,cod,yes,day night,low,32,32,,,34
19,81_avoid,2013 avoid jan feb march day night (fixed gear),avoid,2013,jan feb mar,avoid,,day night,,,,,,38
19,83_avoid,2013 cod mix bag. any low or just bycatch??? 400/16hrs march april day night (fixed gear),avoid,2013,mar apr,cod,yes,day night,low,,,,,41
19,gf,2004 2010 2013 ground fishing,fish,2004 2010 2013,,groundfish,,,,,,,,44
20,1,ground fish 2004 2010 specific fish,fish,2004 2010,,groundfish,,,,,,,,1
20,1,2004 2010 jan 25-28F high 3-5 nets catch 800lbs of cod. 30-40 nets could get 5k-6k. cod day night (fixed gear) fixed gear,fish,2004 2010,jan,cod,,day night,high,25,28,,,2
20,2,ground fish 2004 2010 2013,fish,2004 2010 2013,,groundfish,,,,,,,,4
20,2,2004 2010 dec jan 24-25F high 3-5 nets catch 800lbs of cod. 30-40 nets could get 5k-6k. cod day night (fixed gear),fish,2004 2010,jan dec,cod,,day night,high,24,25,,,5
20,3,2010 2004 april may nov 30F high 3-5 nets catch 800lbs of cod. 30-40 nets could get 5k-6k. cod day night (fixed gear),fish,2004 2010,apr may nov,cod,,day night,high,30,30,,,6
20,4,oct nov dec jan 2004 2010 32-35F high 3-5 nets catch 800lbs of cod. 30-40 nets could get 5k-6k cod day night (fixed gear) fixed gear,fish,2004 2010,jan oct nov dec,cod,,day night,high,32,35,,,8
20,4,2010 2004 high 3-5 nets catch 800lbs of cod. 30-40 nets could get 5k-6k. cod april may nov dec 38-42F day night (fixed gear),fish,2004 2010,apr may nov dec,cod,,day night,high,38,42,,,9
20,4,2013 high 10-30 nets cod pollock if too many cod lighten up on nets cod oct nov 38-42F day night (fixed gear),fish,2013,oct nov,cod pollock,,day night,high,38,42,,,10
20,5,cod 2004 2010 oct nov jan 42-46F high 3-5 nets catch 800lbs of cod. 30-40 nets could get 5k-6k. day night (fixed gear) fixed net,fish,2004 2010,jan oct nov,cod,,day night,high,42,46,,,12
20,5,2010 2004 oct nov dec jan high 3-5 nets catch 800lbs of cod. 30-40 nets could get 5k-6k. cod 24F day night (fixed gear),fish,2004 2010,jan oct nov dec,cod,,day night,high,24,24,,,13
20,6,cod 2004 2010 high 3-5 nets catch 800lbs of cod. 30-40 nets could get 5k-6k. 40-50F sept oct nov day night (fixed gear) fixed net (JG),fish,2004 2010,oct nov,cod,,day night,high,40,50,,,15
20,6,2010 2004 nov dec jan 25F high 3-5 nets catch 800lbs of cod. 30-40 nets could get 5k-6k cod day night (fixed gear) fixed gear,fish,2004 2010,jan nov dec,cod,,day night,high,32,32,,,16
20,7,2004 2010 nov dec jan 32F high 3-5 nets catch 800lbs of cod. 30-40 nets could get 5k-6k. cod day night (fixed gear),fish,2004 2010,jan nov dec,cod,,day night,high,32,32,,,17
20,7,2013 cod 4000 in one tow in sept accident day night (fixed gear) fixed,fish,2013,sep,cod,,day night,high,,,,,18
20,8,2013 dec cod high 40 nets 2-7K day night (fixed gear) DEPTH fixed gear,fish,2013,dec,cod,,day night,high,,,,,19
20,9,grounfishing 2004 2010 2013 polygons outside of range,fish,2004 2010 2013,,groundfish,,,,,,,,20
20,1gf,gf 2013,fish,2013,,groundfish,,,,,,,,3
20,3_avoid,2013 avoid MONTH day night (fixed gear),avoid,2013,,avoid,,day night,,,,,,7
20,4_avoidance,2013 avoidance april may nov dec 38-42F day night (fixed gear) fixed net,avoid,2013,apr may nov dec,avoid,,day night,,38,42,,,11
20,5_avoidance,2013 avoidance oct nov dec jan cod 24F day night (fixed gear) fixed net,avoid,2013,jan oct nov dec,avoid,,day night,,24,24,,,14
21,11,2010 cod jan day 18 fathoms sand/hard bottom smaller cod high 1-2k per hour,fish,2010,jan,cod,no,day,high,18,18,1500,sand/hard,2
21,12,cod 2010 high  day 30-50 fathoms oct nov dec jan feb 2k per hour,fish,2010,jan feb oct nov dec,cod,no,day,high,30,50,2000,,3
21,13,2010 cod 47 fathoms daytime dec jan high 10K in a day  mud bottom large cod,fish,2010,jan dec,cod,no,day,high,47,47,417,mud,5
21,15,"2004 cod summer sand/cobble bottom night high 15-20 fathoms June jul august sept 10-15 mins/ 3,000-5,000 pounds",fish,2004,jun jul aug sep,cod,no,night,high,15,20,16000,sand/cobble,7
21,19,2004 cod high sand/cobble bottom day summer 42 fathoms june july aug 3000-5000 pounds per 10-15 mins ,fish,2004,jun jul aug,cod,no,day,high,42,42,16000,sand/cobble,18
21,20,2013 avoid EVERY CAUGHT HERE BEFORE?? MONTHS????,avoid,2013,,avoid,,,,,,,,20
21,21,2004 2010 2012 specific fishing,fish,2004 2010 2013,,specific,,,,,,,,21
21,22,2010 2013 specific fish,fish,2010 2013,,specific,,,,,,,,22
21,23,specific fish 2013,fish,2013,,specific,,,,,,,,23
21,51,"2004 high cod mud bottom july 50-60F day 1,000 pounds/ hour",fish,2004,jul,cod,no,day,high,50,60,1000,mud,24
21,52,"2004 cod  high march 90 fathoms in holes, 30 fathoms in tops mud bottom daytime 10-15 min 3-5k pounds",fish,2004,mar,cod,no,day,high,30,90,16000,mud,26
21,53,2004 high cod mud bottom march july day  50-60F 500/hour,fish,2004,mar jul,cod,no,day,high,50,50,500,mud,28
21,54,2004 cod high nov dec june july mud bottom daytime 40-50F summer: 3k/hour winter: 1k per hour,fish,2004,jun jul nov dec,cod,no,day,high,30,40,1000,mud,30
21,55,2004 cod high nov dec sand/gravel bottom 30-40 fathoms july june day night 1k per 1 hour,fish,2004,jun jul nov dec,cod,no,day night,high,30,40,1000,sand/gravel,32
21,56,2004 cod high oct nov dec jan mud/sand 48 - 60F daytime 1-2K per 2 hours,fish,2004,jan oct nov dec,cod,no,day,high,48,60,1500,mud/sand,34
21,57,2004 high cod march mud bottom 50F  day 500/hour,fish,2004,mar,cod,no,day,high,50,50,500,mud,36
21,58,"2004 high cod march mud bottom june july day time 50-60F 1,000 per 2 hours",fish,2004,mar jun jul,cod,no,day,high,50,60,500,mud,38
21,59,2004 cod high year-round jan feb march april may june july aug sept oct nov dec hard bottom mixed fish day night 26-32F 800/ 3 hours,fish,2004,jan feb mar apr may jun jul aug sep oct nov dec,cod,no,day night,high,26,32,267,hard,40
21,60,2004 cod dec jan hard bottom med 500/hour day night  30-40F,fish,2004,jan dec,cod,no,day night,,30,40,500,hard,42
21,60,2013 cod bycatch march  winter summer spring 200-500/ 3 hours 29-40F day night,fish,2013,mar,specific,yes,day night,,29,40,117,,43
21,61,"2004 cod spring march dec jan feb 30-50 fathoms sand bottom high daytime 1,000/ hour",fish,2004,jan feb mar dec,cod,no,day,high,30,50,1000,sand,45
21,61,2013 bycatch summer winter spring 40 F day  jan feb march 200-500 pounds/3 hour ,fish,2013,jan feb mar,specific,yes,day,low,40,40,117,,46
21,62,"2004 cod year-round jan feb march april may june july aug sept oct nov high sand/cobble 30 fathoms day  1,000/ hour",fish,2004,jan feb mar apr may jun jul aug sep oct nov dec,cod,no,day,high,30,30,1000,sand/cobble,48
21,64,2013 haddock bycatch  winter jan feb market scrod 500/hour day 50-65F,fish,2013,jan feb,haddock,yes,day,low,50,65,500,,52
21,65,2004 2010 2013 groundfishing,fish,2004 2010 2013,,groundfish,,,,,,,,53
21,12_avoid,2013 avoid day 30-50 fathoms oct nov dec jan feb,avoid,2013,jan feb oct nov dec,avoid,,day,,30,50,,,4
21,13_avoid,2013 47 fathoms daytime dec jan avoid,avoid,2013,jan dec,avoid,,day,,47,47,,,6
21,15_avoid,2013 avoid 15-20F night summer sand/cobble bottom night 15-20 fathoms June jul august sept,avoid,2013,jun jul aug sep,avoid,,night,,15,20,,sand/cobble,8
21,16_summer,2004 cod summer sand/cobble bottom night high 30F june july  10-15 mins 3-5k,fish,2004,jun jul,cod,no,night,high,30,30,16000,sand/cobble,9
21,16_summer_avoid,2013 sand/cobble bottom summer night avoid 30F,avoid,2013,summer,avoid,no,night,,30,30,,sand/cobble,10
21,16_winter,2004 cod winter  high sand/cobble bottom day 30F dec jan 10-15 mins 3-5k,fish,2004,jan dec,cod,no,day,high,30,30,16000,sand/cobble,11
21,16_winter_avoid,2013 winter daytime avoid sand/cobble bottom day 30F dec jan,avoid,2013,jan dec,avoid,,day,,15,20,,sand/cobble,12
21,18_summer,2004 cod summer high sand/cobble bottom night 15-20 fathoms may 10-15 mins 3-5k pounds,fish,2004,may,cod,no,night,high,15,20,16000,sand/cobble,14
21,18_summer_night,2013 avoid sand/cobble bottom summer night 15-20 fathoms may,avoid,2013,may,avoid,,night,,15,20,16000,sand/cobble,15
21,18_winter,2004 cod dec jan  sand/cobble bottom day high 15-20 fathoms 10-15 mins 3-5k pounds,fish,2004,jan dec,cod,no,day,high,15,20,16000,sand/cobble,16
21,18_winter_avoid,2013 avoid 15-20F day winter sand/cobble bottom dec jan,avoid,2013,jan dec,avoid,,day,,15,20,,sand/cobble,17
21,19_avoid,2013 avoid day 42F sand/cobble bottom day summer june july aug,avoid,2013,jun jul aug,avoid,,day,,42,42,,mud,19
21,1L,groundfishing 2004 2010 2013,fish,2004 2010 2013,,groundfish,,,,,,,,1
21,51_avoid,2013 avoid july mud bottom 50-60F day,avoid,2013,jul,avoid,,day,,50,60,,mud,25
21,52_avoid,2013 avoidance 30-90F mud March day,avoid,2013,mar,avoid,,day,,30,90,,mud,27
21,53_avoid,2013 avoid mud bottom march july day  50-60F,avoid,2013,mar,avoid,,day,,50,60,,mud,29
21,54_avoid,2013 avoid mud bottom daytime 40-50F,avoid,2013,,avoid,,day,,40,50,,mud,31
21,55_avoid,2013 avoid nov dec sand/gravel bottom 30-40 fathoms july june day night,avoid,2013,jun jul nov dec,avoid,,day night,,30,40,,sand/gravel,33
21,56_avoid,2013 avoid oct nov dec jan mud/sand 48 - 60F daytime,avoid,2013,jan oct nov dec,avoid,,day,,48,60,,mud/sand,35
21,57_avoid,2013 avoid march mud bottom 50F  day,avoid,2013,mar,avoid,,day,,50,50,,mud,37
21,58_avoid,"2013 avoid march mud bottom june july day time 50-60F 1,000 per 2 hours",avoid,2013,mar jun jul,avoid,,day,,50,60,,mud,39
21,59_avoid,2013 avoid year-round jan feb march april may june july aug sept oct nov dec hard bottom day night 26-32F,avoid,2013,jan feb mar apr may jun jul aug sep oct nov dec,avoid,,day night,,26,32,,hard,41
21,60_avoid,2013 avoid fall day night,avoid,2013,fall,avoid,,day night,,,,,,44
21,61_avoid,2013 avoid fall 40 F day ,avoid,2013,fall,avoid,,day,,40,40,,,47
21,62_2013,2013 bycatch winter summer spring dec jan day and night 50-65F 200-500/ 3 hours,fish,2013,jan dec,cod,yes,day night,low,50,65,,,49
21,62_avoid,2013 avoid fall 50-65F,avoid,2013,fall,avoid,,,,50,65,,,50
22,1M,"groundfishing area 2004, 2010, 2013",fish,2004 2010 2013,,groundfish,,,,,,,,1
22,10_avoid,"avoid 2013 feb,march,april 30-30F night",avoid,2013,feb mar apr,avoid,,night,,30,30,,,3
22,11,"cod 2004,2010 high mar,april,may 30-40F large cod founder nets night/day 500 pounds an hour",fish,2004 2010,mar apr may,cod,no,day night,high,30,40,500,,4
22,11_avoid,"2013 mar,april,may 30-40F avoid night/day",avoid,2013,mar apr may,avoid,,day night,,30,40,,,5
22,12,"2004, 2010 cod aug market/scrod night medium 30-34F rocky/hard 200 pounds per hour",fish,2004 2010,aug,cod,no,night,medium,30,34,200,,6
22,12_avoid,2013  avoid night aug 30-34F RATE?,avoid,2013,aug,avoid,no,night,,30,34,,,7
22,13,"2004, 2010 cod high sept/oct night 40-50F rock/market/scrod 500 an hour",fish,2004 2010,sep oct,cod,no,night,high,40,50,500,,8
22,13_avoid,2013 avoid  sept/oct night 40-50F 2013,avoid,2013,sep oct,avoid,no,night,,40,50,,,9
22,14,"2004,2010  cod high june,july,aug night 35-40F hard 500 pounds an hour",fish,2004 2010,jun jul aug,cod,no,night,high,35,40,500,hard,10
22,14_avoid,"2013 avoid june,july,aug night 35-40F",avoid,2013,jun jul aug,avoid,,night,,35,40,,,11
22,15,2004-2009 cod  low   100 per hour march april  50F,fish,2004 2010 2013,mar apr,cod,no,,low,50,50,100,,12
22,16,2013 specific fish,fish,2013,,specific,,,,,,,,13
22,17_avoid,2013 avoid day/night aug 80F,avoid,2013,aug,avoid,,day night,,80,80,,,15
22,18,2004  40-55 F cod  medium  200 per hour  aug june ,fish,2004 2010,jun aug,cod,no,,medium,40,55,200,,16
22,19,"2004,2010 cod  day  oct  med  200 per hour 36F",fish,2004 2010,oct,cod,no,day,medium,36,36,200,,17
22,22,"cod 2004,2010 medium large day/night feb,mar 70-100F 200 per hour",fish,2004 2010,feb mar,cod,no,day night,medium,70,100,200,,20
22,22_avoid,"2013 avoid day/night feb,mar 70-100F",avoid,2013,feb mar,avoid,,day night,,70,100,,,21
22,23,"cod 2004, 2010 night high june,july,sept,oct 15-30F disk net market/scrod 10-15k an hour",fish,2004 2010,jun jul sep oct,cod,no,night,high,15,30,12000,,22
22,23_avoid,"2013 avoid night june,july,sept,oct 15-30F",avoid,2013,jun jul sep oct,avoid,,night,,15,30,,,23
22,25,"2004,2010 cod high 55-60F june rock large daytime  500 per hour",fish,2004 2010,jun,cod,no,day,high,55,60,500,,25
22,26,"cod 2004, 2010 day and night high june, july, august, sept, oct 50-55F rock 700 per hour",fish,2004 2010,jun jul aug sep oct,cod,no,day night,high,50,55,700,,26
22,26_avoid,"2013 avoid day june, july, august, sept, oct 50-55F",avoid,2013,jun jul aug sep oct,avoid,,day,,50,55,,,27
22,27,2004-2009 cod  low   100 per hour march april  50F,fish,2004 2010 2013,mar apr,cod,no,,low,50,50,100,,28
22,28,2004 cod  low   100 per hour march april  50F,fish,2004 2010 2013,mar apr,cod,no,,low,50,50,100,,29
22,29,"specific fish 2004,2010",fish,2004 2010,,specific,,,,,,,,30
22,30,"2004,2010 cod  30-35F night april medium 200 pounds per hour",fish,2004 2010,apr,cod,no,night,medium,30,35,200,,31
22,30_avoid,2013 avoid 30-35F night april,avoid,2013,apr,avoid,,night,,30,35,,,32
22,31,"2004,2010 cod high 55-60F june rock large day and night 500 an hour",fish,2004 2010,jun,cod,no,day night,high,55,60,500,,33
22,32,"2004, 2010 cod rock high 17F large oct night 1000k per hour",fish,2004 2010,oct,cod,no,night,high,17,17,1000,,34
22,32_avoid,2013 avoid 17F oct night,avoid,2013,oct,avoid,,night,,17,17,,,35
22,33_redo,"2004, 2010 cod day/night feb,mar medium (200 per hour) rock 55-75F",fish,2004 2010,feb mar,cod,no,day night,medium,55,75,200,rock,36
22,33_avoid,"2013 avoid day/night feb,mar 55-75F",avoid,2013,feb mar,avoid,,day night,,77,75,,,37
22,51,2004  medium  200 per hour  august june july  cod,fish,2004,jun jul aug,cod,no,,medium,,,200,,39
22,52,2004  40-55 F cod  medium  200 per hour  aug june ,fish,2004,jun aug,cod,no,,medium,40,55,200,,40
22,53,2004  40-55 F cod  medium  200 per hour  aug june ,fish,2004,jun aug,cod,no,,medium,40,55,200,,41
22,54,2004 cod  40-55F med cod  medium  200 per hour  aug june ,fish,2004,jun aug,cod,no,,medium,40,55,200,,42
22,55,2013 specific fish,fish,2013,,specific,,,,,,,,43
22,56,2013 specific fish,fish,2013,,specific,,,,,,,,44
22,57,2013 specific fish,fish,2013,,specific,,,,,,,,45
22,58,2013 specific fish,fish,2013,,specific,,,,,,,,46
22,59,2013 specific fish,fish,2013,,specific,,,,,,,,47
22,60,2013 specific fish,fish,2013,,specific,,,,,,,,48
22,61,specific fish 2013,fish,2013,,specific,,,,,,,,49
22,63,specific fish 2013,fish,2013,,specific,,,,,,,,50
22,65,2013 specific fish,fish,2013,,specific,,,,,,,,51
22,67,2004 40-55 F low 100 per hour cod aug june ,fish,2004,jun aug,cod,no,,low,40,55,100,,53
22,69,2004  40-55 F cod  medium  200 per hour  aug june ,fish,2004,jun aug,cod,no,,medium,40,55,200,,54
22,70,2013 specific fish,fish,2013,,specific,,,,,,,,55
22,71,specific fish 2013,fish,2013,,specific,,,,,,,,56
22,72,specific fish 2013,fish,2013,,specific,,,,,,,,57
22,73,2013 specific fish,fish,2013,,specific,,,,,,,,58
25,2,2013 specific fish,fish,2013,,specific,no,,,,,,,2
25,2,2004  cod summer august sept  nov dec  low 60-70 fathoms day and night 3-4 hours 200-300 pounds,fish,2004,aug sep nov dec,cod,no,day night,low,60,70,72,,3
25,4,2004 cod june july aug high day and night 50 fathoms market/scrod 800 pounds 10-15 mins,fish,2004,jun jul aug,cod,no,day night,high,50,50,3200,,6
25,5,2004 cod nov dec jan medium day/night 20-30 fathoms  hard bottom 800 pounds 10-15mins,fish,2004,jan nov dec,cod,no,day night,medium,20,30,3200,hard,8
25,6,2004 cod nov dec jan medium day/night 40 fathoms sand 800 pounds 10-15 mins,fish,2004,jan nov dec,cod,no,day night,medium,40,40,3200,sand,10
25,7,2004 cod nov dec jan medium day/night 40 fathoms sand bottom 800lbs 10-15,fish,2010,jan nov dec,cod,no,day night,medium,40,40,3200,sand,12
25,7,2013 cod low  cod bycatch when going for haddock nov dec jan day/night 50-70 F 200-300 pounds 3-4 hours,fish,2013,jan nov dec,haddock,yes,day night,low,50,70,72,,13
25,8,2013 specific fish c bycatch (low) when going for haddock nov dec jan,fish,2013,jan nov dec,haddock,yes,,low,,,,,14
25,9,2004 cod dec nov jan 20-40 fathoms night and day market/scrod hard and sand bottom 10 mins per 800 lbs,fish,2004,jan nov dec,cod,no,day night,,20,40,3200,sand/hard,15
25,10,2004 cod low  dec nov jan large cod 40-100 fathoms day and night 800 pounds a couple hours,fish,2004,jan nov dec,cod,no,day night,low,40,100,400,,17
25,11,2010 cod dec nov jan 40-100 fathoms low large cod day and night  200-300 pounds per 4 hours,fish,2010,jan nov dec,cod,no,day night,low,40,100,63,,19
25,21,2010 specific fishing,fish,2010,,specific,,,,,,,,22
25,22,2004 cod jan feb march day and night 40-70 fathoms market/scrod high 3-4k pounds per 3 hours,fish,2004,jan feb mar,cod,no,day night,,40,70,1167,,23
25,23,2013 specific fishing MONTHS?,fish,2013,,specific,,,,,,,,25
25,24,2004 cod sand and hard bottom medium  80-90 fathoms market scrod summer august sept 800 - 1500 per tow,fish,2004,aug sep,cod,no,,medium,80,90,,sand/hard,26
25,25,2004 cod 80-90 fathoms sand and hard bottom medium market scrod summer august sept 1k per tow,fish,2004,aug sep,cod,no,,medium,80,90,,sand/hard,28
25,10_avoid,2013 dec nov jan avoid,avoid,2013,jan nov dec,avoid,,,,,,,,18
25,11_avoid,2013 avoid dec nov jan,avoid,2013,jan nov dec,avoid,,,,,,,,20
25,1GF,groundfishing 2004 2010,fish,2004 2010,,groundfish,,,,,,,,1
25,20_GF,2004 2010 2013 overall groundfishing,fish,2004 2010 2013,,groundfish,,,,,,,,21
25,22_avoid,2013 jan feb march avoid,avoid,2013,jan feb mar,avoid,,,,,,,,24
25,24_avoid,2013 avoid summer MONTHS???,avoid,2013,summer,avoid,,,,,,,,27
25,25_avoid,2013 avoid summer MONTHS??,avoid,2013,summer,avoid,,,,,,,,29
25,3_avoid,2013 avoid june july aug,avoid,2013,jun jul aug,avoid,,,,,,,,5
25,4_avoid,2013 avoid june july aug,avoid,2013,jun jul aug,avoid,,,,,,,,7
25,5_avoid,2013 nov dec jan avoid,avoid,2013,jan nov dec,avoid,,,,,,,,9
25,6_avoid,2013 nov dec jan avoid,avoid,2013,jan nov dec,avoid,,,,,,,,11
25,9_avoid,2013 dec nov jan avoid,avoid,2013,jan nov dec,avoid,,,,,,,,16
26,1,2004 2013 2013 specific fish,fish,2004 2010 2013,,specific,,,,,,,,1
26,2,2004 cod med 500/hr dec jan 40-75 fathoms market-large night,fish,2004,jan dec,cod,,night,medium,40,75,,,2
26,2,2013 specific fish try for haddock make short tows only,fish,2013,,haddock,,,,,,,,3
26,3,2004 cod jan feb march april med 300/hr mixed bag fishing pollock haddock large-market 70-95 fathoms day,fish,2004,jan feb mar apr,cod pollock haddock,,day,medium,70,95,,,5
26,3,2010 2013 specific fish pollock fall haddock spring,fish,2010 2013,fall spring,pollock haddock,,,,,,,,6
26,4,2004 cod medium 500/hr feb march april 100 fathoms large cod  day and night,fish,2004,feb mar apr,cod,,day night,medium,100,100,,,8
26,4,2010 2013 cod haddock have displaced low bycatch 100/hr spring march april may night 40-80F,fish,2010 2013,mar apr may,cod haddock,yes,night,low,40,80,,,9
26,6,2004 fall low 200/hr cod market-large gravel 120-75 fathoms day and night,fish,2004,fall,cod,,day night,low,75,120,,,11
26,8,2004 med 200-300/hr cod sept oct nov dec jan feb 35-80 fathoms large cod night mud/gravel,fish,2004,jan feb sep oct nov dec,cod,,night,medium,35,80,,,13
26,9,2004 high 1000/hr cod jan feb march april may 15 fathoms day sand market cod,fish,2004,jan feb mar apr may,cod,,day,high,15,15,,,15
26,11,2004 2010 2013  specific fish,fish,2004 2010 2013,,specific,,,,,,,,17
26,12,2004 2010 2013 specific fish,fish,2004 2010 2013,,specific,,,,,,,,18
26,13,2004 cod medium 120-115 fathoms feb march april may june july (check closure) small-large sand bottom night 300-500/hr,fish,2004,feb mar apr may jun jul,cod,,night,medium,115,120,,,19
26,13,2010 2013 focused on haddock march april may night 40-80F AVOIDANCE 50/hr c at most. separator panel,fish,2010 2013,mar apr may,haddock,yes,night,low,40,80,,,20
26,13,2004 2010  2013 specific fish,fish,2004 2010 2013,,specific,,,,,,,,21
26,14,2004 low 200-300/hr cod 70-80 fathoms summer may june july aug sept market size night,fish,2004,may jun jul aug sep,cod,,night,low,70,80,,,22
26,15,2004 2010 2013 specific fish haddock MONTHS???,fish,2004 2010 2013,,haddock,,,,,,,,23
26,2_avoid,2010 avoid dec jan night,avoid,2010,jan dec,avoid,,night,,,,,,4
26,3_avoid,2010 2013 avoid sunny afternoon make short tows jan feb march april day,avoid,2010 2013,jan feb mar apr,avoid,,day,,,,,,7
26,50GF,2004 2010 2013  groundfishing,fish,2004 2010 2013,,groundfish,,,,,,,,24
26,5gf,2004 2010 2013  entire groundfishing,fish,2004 2010 2013,,groundfish,,,,,,,,10
26,6_avoid,2013 avoid aug sept oct nov night,avoid,2013,aug sep oct nov,avoid,,night,,,,,,12
26,8_avoid,2010 2013 avoid sector couldn't fish there anymore (avoidance?) year-round jan feb march april may june july aug sept oct nov dec (couldn't fish west of 70 15),avoid,2010 2013,jan feb mar apr may jun jul aug sep oct nov dec,avoid,,,,,,,,14
26,9_avoid,2010 2013 avoid coudln't fish there b/c of sector limits,avoid,2010 2013,,avoid,,,,,,,,16
27,1,specific fish area 2013,fish,2013,,specific,,,,,,,,1
27,2,"whole groundfish area all years 2004, 2010, 2013",fish,2004 2010 2013,,groundfish,,,,,,,,2
27,3,"fishing specific area 2004, 2010",fish,2004 2010,,specific,,,,,,,,3
27,4,"2004: cod low-medium 80-100F day july, aug, sept, oct gravel/rock large/markets 2010: same info but markets only",fish,2004,jul aug sep oct,cod,,day,low,80,100,,,5
27,5,"2004: low-medium cod 80-100F day july, aug, sept, oct gravel/rock large/markets 2010:  same info as above but markets only",fish,2004,jul aug sep oct,cod,,day,low,80,100,,,7
27,6,"2004,2010,2013 60-85F clay, sand, gravel june, july, aug low large/markets cod",fish,2004 2010 2013,jun jul aug,cod,,,low,60,85,,,9
27,7,fish specific 2004,fish,2004,,specific,,,,,,,,10
27,8,"2004, 2010, 2013: cod 60-85F clay, sand, gravel june, july, aug low large/markets",fish,2004 2010 2013,jun jul aug,cod,,,low,60,85,,,11
27,9,fish specific 2013,fish,2013,,specific,,,,,,,,12
27,10,"2004 sand, gravel, mud day low winter 90-110F cod specific fish TOY?",fish,2004,winter,specific,,day,low,90,110,,,13
27,10_avoid,2013 avoid winter TOY?,avoid,2013,winter,avoid,,,,,,,,14
27,3_avoid,2013 avoid TOY? TOD? MONTHS??,avoid,2013,,avoid,,,,,,,,4
27,4_avoid,"2013 avoid low-medium 80-100F day july, aug, sept, oct gravel/rock",avoid,2013,jul aug sep oct,avoid,,day,low,80,100,,,6
27,5_avoid,"2013 avoid low-medium 80-100F day july, aug, sept, oct gravel/rock",avoid,2013,jul aug sep oct,avoid,,day,low,80,100,,,8
28,1,whole groundfish area 2004 2010,fish,2004 2010,,groundfish,,,,,,,,1
28,2,"2004, 2010 day night less large cod low sand spring spawning cod one deep hole where increased abundance (H) TOY? depth?",fish,2004 2010,spring,cod,,day night,low,,,,,2
28,3,"cod day/night high hit on way home if need more cod market/scrod hard gravel, clay fishing at depths on chart fall/spring TOY? specific depth? 2004, 2010",fish,2004 2010,fall spring,cod,,day night,high,,,,,4
28,4,"2004, 2010 cod both day and night fall specific TOY? specific depth? shallow sand high",fish,2004 2010,fall,cod,,day night,high,,,,,6
28,6,low-high year round spring/fall higher than summer more specific TOY? TOD? scrod/market cod 2013 depth?,fish,2013,jan feb mar apr may jun jul aug sep oct nov dec,cod,,,medium,,,,,8
28,7,2013 high TOD? TOY? cod depth?,fish,2013,,cod,,,high,,,,,9
28,8,april high cod scrod/market 2013 depth? TOD?,fish,2013,apr,cod,,,high,,,,,10
28,9,high cod TOY? TOD? depth? 2013,fish,2013,,cod,,,high,,,,,11
28,10,"cod 2013 high gravel/mud feb, march early spring depth? TOD?",fish,2013,mar,cod,,,high,,,,,12
28,11,cod 2013 low-high year round scrod/market summer lower spring/fall higher TOY specifics? depth? TOD?,fish,2013,jan feb mar apr may jun jul aug sep oct nov dec,cod,,,medium,,,,,13
28,12,whole line up and down closure 2013 low-high (high spots noted) summer spring/fall haddock focused but gets lots of cod try for a haddock focsed with cod bycatch fishery scrod/market summer lower spring/fall higher TOY specific? depth? TOD?,fish,2013,summer spring fall,cod haddock,yes,,medium,,,,,14
28,13,whole groundfishing area 2013,fish,2013,,groundfish,,,,,,,,15
28,15,"groundfishing 2004, 2010, 2013",fish,2004 2010 2013,,groundfish,,,,,,,,16
28,16,"2004, 2010, 2013 cod medium spring TOY specific? day 65F glacial rock hard bottom",fish,2004 2010 2013,spring,cod,,day,medium,65,65,,,17
28,17,2004  specific fish,fish,2004,,specific,,,,,,,,18
28,18,"2004, 2010, 2013 medium cod day and night spring sand/hard in 2013-2022 if start catching too much cod have to leave TOY specifc? depth?",fish,2004 2010 2013,spring,cod,,day night,medium,,,,,19
28,2_avoid,2013 avoid spring?  MONTHS ? TOY? depth?,avoid,2013,spring,avoid,,,,,,,,3
28,3_avoid,2013 avoid fall/spring day/night TOY? specific depth?,avoid,2013,fall spring,avoid,,day night,,,,,,5
28,4_avoid,2013 avoid both day and night fall specific TOY? specific depth?,avoid,2013,fall,avoid,,day night,,,,,,7
23_24,1,2010 high cod hard bottom sept oct nov dec jan feb march markets-large 30-110 fathoms (cliffs) TOD???,fish,2010,jan feb mar sep oct nov dec,cod,,,high,30,110,,,1
23_24,2,2010 high cod hard bottom sept oct nov dec jan feb march markets-large 30-110 fathoms TOD???,fish,2010,jan feb mar sep oct nov dec,cod,,,high,30,110,,,6
23_24,3,2010 high cod hard bottom sept oct nov dec jan feb march markets-large 30-110 fathoms TOD????,fish,2010,jan feb mar sep oct nov dec,cod,,,high,30,110,,,8
23_24,4,2010 high cod hard bottom sept oct nov dec jan feb march markets-large 30-110 fathoms TOD????,fish,2010,jan feb mar sep oct nov dec,cod,,,high,30,110,,,10
23_24,5,2010 high cod sept oct nov dec jan feb march hard bottom markets-large 30-110F,fish,2010,jan feb mar sep oct nov dec,cod,,,high,30,110,,,12
23_24,6,2010 high cod hard bottom sept oct nov dec jan feb march markets-large 30-110 fathoms TOD???,fish,2010,jan feb mar sep oct nov dec,cod,,,high,30,110,,,14
23_24,7,2004 fall winter high cod markets-large 45 fathoms day and night MONTHS???,fish,2004,fall winter,cod,,day night,high,45,45,,,16
23_24,8,2004 fall winter high cod markets-large 45 fathoms day and night MONTHS???,fish,2004,fall winter,cod,,day night,high,45,45,,,18
23_24,9,2004 fall winter high cod markets-large 45 fathoms day and night MONTHS???,fish,2004,fall winter,cod,,day night,high,45,45,,,20
23_24,10,2004 2010 fall winter high cod hard bottom markets-large 45 fathoms day and night MONTHS???,fish,2004 2010,fall winter,cod,,day night,high,45,45,,,22
23_24,10,2013  specific fish c bycatch low haddock focused short tows night 45 fathoms,fish,2013,,haddock cod,yes,night,low,45,45,,,23
23_24,10,specific fishing 2010,fish,2010,,specific,,,,,,,,24
23_24,11,2004 2010 specific fishing,fish,2004 2010,,specific,,,,,,,,25
23_24,11,specific fishing 2004,fish,2004,,specific,,,,,,,,26
23_24,12,2004 2010 jan feb march market-large 30-110 fathoms tow up side of cliff high  cod,fish,2004 2010,jan feb mar,cod,,,high,30,110,,,27
23_24,12,2004 2010 cod high 30-35 fathoms nov dec jan day and night,fish,2004 2010,jan nov dec,cod,,day night,high,30,35,,,28
23_24,13,2004 2010 high cod year-round jan feb march april may june july aug sept oct nov day night DEPTH,fish,2004 2010,jan feb mar apr may jun jul aug sep oct nov dec,cod,,day night,high,,,,,30
23_24,13,2004 2010 specific fishing area AND cod high cod jan feb march april may june july aug sept oct nov dec day and night DEPTHS,fish,2004 2010,jan feb mar apr may jun jul aug sep oct nov dec,cod,,day night,high,,,,,31
23_24,14,2004 2010 high cod year-round jan feb march april may june july aug sept oct nov dec day and night DEPTH,fish,2004 2010,jan feb mar apr may jun jul aug sep oct nov dec,cod,,day night,high,,,,,34
23_24,14,2004 specific fish AND cod high  cod year-round jan feb march april may june july aug sept oct nov day and night hard and sandy bottom DEPTHS,fish,2004,jan feb mar apr may jun jul aug sep oct nov dec,cod,,day night,high,,,,,35
23_24,14,2004 specific fish,fish,2004,,specific,,,,,,,,36
23_24,20,2004 specific fishing AND cod high cod day cobble bottom south harder bottom north 25-45 fathoms SEASON??? MONTHS???,fish,2004,,cod,,day,high,25,45,,,39
23_24,21,2004 cod cobble at top hard at bottom right day and night 15-110 fathoms spring MONTHS??? ABUNDANCE???,fish,2004,spring,cod,,day night,,15,110,,,40
23_24,51,2004 morning daytime 30-110 fathoms low bycatch spring summer cod MONTHS???,fish,2004,spring summer,cod,yes,day,low,30,110,,,41
23_24,52,"2013 specific fish targeting only haddock, no peaks c bycatch",fish,2013,,haddock,yes,,low,,,,,43
23_24,55,specific fish 2004,fish,2004,,specific,,,,,,,,45
23_24,56,2004 fall winter high cod markets-large 45 fathoms day and night MONTHS???,fish,2004,fall winter,cod,,day night,high,45,45,,,46
23_24,1_avoid,2013 sept oct nov dec jan feb march avoid,avoid,2013,jan feb mar sep oct nov dec,avoid,,,,,,,,2
23_24,12_avoid,2013 avoid nov dec jan day and night,avoid,2013,jan nov dec,avoid,,day night,,,,,,29
23_24,13_avoid,2013 avoid year-round jan feb march april may june july aug sept oct nov,avoid,2013,jan feb mar apr may jun jul aug sep oct nov dec,avoid,,,,,,,,32
23_24,13_avoid,2013 avoid year-round jan feb march april may june july aug sept oct nov dec,avoid,2013,jan feb mar apr may jun jul aug sep oct nov dec,avoid,,,,,,,,33
23_24,14_avoid,2013 avoid year-round jan feb march april may june july aug sept oct nov dec,avoid,2013, jan feb march april may june july aug sept oct nov dec,avoid,,,,,,,,37
23_24,14_avoid,2013 avoid year-round jan feb march april may june july aug sept oct nov dec,avoid,2013, jan feb march april may june july aug sept oct nov dec,avoid,,,,,,,,38
23_24,1N,2004 2010 2013 groundfishing edit 2013 gf??? go way further off shore for that time period waht about 2009 poly?,fish,2004 2010 2013,,groundfish,,,,,,,,3
23_24,1P,2004 2010 2013 groundfishing,fish,2004 2010 2013,,groundfish,,,,,,,,4
23_24,1Q,2004 groundfishing,fish,2004,,groundfish,,,,,,,,5
23_24,2_avoid,2013 avoid sept oct nov dec jan feb march,avoid,2013,jan feb mar sep oct nov dec,avoid,,,,,,,,7
23_24,3_avoid,2013 sept oct nov dec jan feb march avoid,avoid,2013,jan feb mar sep oct nov dec,avoid,,,,,,,,9
23_24,4_avoid,2013 avoid sept oct nov dec jan feb march,avoid,2013,jan feb mar sep oct nov dec,avoid,,,,,,,,11
23_24,5_avoid,2013 avoid sept oct nov dec jan feb march,avoid,2013,jan feb mar sep oct nov dec,avoid,,,,,,,,13
23_24,51_avoid,2013 avoid spring summer 30-110F MONTHS??? Bleeds into larger 2013-present polygon,avoid,2013,spring summer,avoid,,,,30,110,,,42
23_24,52_avoid,2013 avoid fish deeper no peaks c bycatch DEPTHS???? TOD? TOY?,avoid,2013,,avoid,yes,,low,,,,,44
23_24,56_avoid,2013 avoid fall winter day and night MONTHS???,avoid,2013,fall winter,avoid,,day night,,,,,,47
23_24,6_avoid,2013 sept oct nov dec jan feb march avoid,avoid,2013,jan feb mar sep oct nov dec,avoid,,,,,,,,15
23_24,7_avoid,2013 avoid fall winter MONTHS???,avoid,2013,fall winter,avoid,,,,,,,,17
23_24,8_avoid,2013 avoid fall winter MONTHS???,avoid,2013,fall winter,avoid,,,,,,,,19
23_24,9_avoid,2013 fall winter avoid MONTHS???,avoid,2013,fall winter,avoid,,,,,,,,21
7_8,24,"2010,cod,april",fish,2010,apr,cod,,,,,,,,2
7_8,25,"2004,cod,high,fall,winter, april, may, june, july, august, sept, oct, nov, dec, jan  2hrs catch few thousand cod, 15-50F day",fish,2004,jan apr may jun jul aug sep oct nov dec,cod,,day,high,15,50,,,4
7_8,26,"2004,2010,2013, groundfish",fish,2004 2010 2013,,groundfish,,,,,,,,6
7_8,27,"2010,night, june,july,august,september,october, cod, full day to catch few thousand. 500-1K cod a tow 2 hr tow. low",fish,2010,jun jul aug sep oct,cod,,night,low,,,,,7
7_8,28,2010 16-18F day april may jun july aug sept oct nov jan cod 500-1K two hour tow low-mid,fish,2010,jan apr may jun jul aug sep oct nov,cod,,day,medium,16,18,,,9
7_8,31,2013 specific fish,fish,2013,,specific,,,,,,,,19
7_8,32,"2013, june, july,august,september, specific_fishing",fish,2013,jun jul aug sep,specific,,,,,,,,20
7_8,33,"2004,november,december,high,cod,day 30-35F 20 min tows 10K lbs",fish,2004,nov dec,cod,,day,high,30,35,,,21
7_8,34,"2004,cod,high,november, december, day, 30-35F couple thousand in 10 mintow",fish,2004,nov dec,cod,,day,high,30,35,,,23
7_8,1B,"2004, 2010 groundfish",fish,2004 2010,,groundfish,,,,,,,,1
7_8,24_avoid,"2013,avoid,april, TOD ABUND DEPTH",avoid,2013,apr,avoid,,,,,,,,3
7_8,25_avoid,"2013,avoid,fall,winter, april, may, june, july, august, sept, oct, nov, dec, jan  2hrs catch few thousand, 15-50F day",avoid,2013,jan apr may jun jul aug sep oct nov dec,avoid,,day,high,15,50,,,5
7_8,27_avoid,"2013,night, june,july,august,september,october,avoid",avoid,2010,jun jul aug sep oct,avoid,,night,,,,,,8
7_8,28_avoid,2013 day avoid april may jun july aug sept oct nov jan,avoid,2013,jan apr may jun jul aug sep oct nov,avoid,,day,,,,,,10
7_8,29_not_summer,"2010,april,may,june,november,december,january cod day medium few thousand 1-2hrs of fishing",fish,2010,jan apr may jun nov dec,cod,,day,medium,,,,,11
7_8,29_not_summer_avoid,"2010,april,may,june,november,december,january cod day medium few thousand 1-2hrs of fishing",avoid,2010,jan apr may jun nov dec,cod,,day,medium,,,,,12
7_8,29_summer,"2010,july,august,september,october cod summer night  few thousand in a few hours high",fish,2010,jul aug sep oct,cod,,night,high,,,,,13
7_8,29_summer_avoid,"2010,july,august,september,october cod summer night  few thousand in a few hours high",avoid,2010,jul aug sep oct,cod,,night,high,,,,,14
7_8,30_summer,"2004,high, cod, july, aug, sept, oct  20 min tow catch a 2-5K summer night july-sept",fish,2004,jul aug sep oct,cod,,night,high,,,,,15
7_8,30_summer_avoid,"2004  july, aug, sept, oct  20 min tow catch a 2-5K avoid summer night july-sept",avoid,2004,jul aug sep oct,avoid,,night,high,,,,,16
7_8,30_winter,"2004,high, cod  oct, nov, dec, jan, 15-30F, night 20 min tow catch a 2-5K day nov-jan",fish,2004,jan oct nov dec,cod,,night,high,15,30,,,17
7_8,30_winter_avoid,"2004,high, avoid oct, nov, dec, jan, 15-30F, night 20 min tow catch a 2-5K day nov-jan",avoid,2004,jan oct nov dec,avoid,,night,high,15,30,,,18
7_8,33_avoid,"2013,november,december, day avoid",avoid,2013,nov dec,avoid,,day,,,,,,22
7_8,34_avoid,"2013,november, december avoid TIME OF DAY",avoid,2013,nov dec,avoid,,,,,,,,24
21,52_occasional_catch,2013 bycatch 30-90F mud March,fish,2013,mar,specific,yes,,,30,90,,mud,51
21,56_occasional catch,2013 bycatch oct nov dec jan mud/sand 48 - 60F daytime 1k per 2 hours,fish,2013,jan oct nov dec,specific,yes,day,,48,60,500,mud/sand,52
21,58_occasional catc,"2013  bycatch march mud bottom june july day time 50-60F 1,000 per two hours",fish,2013,mar jun jul,specific,yes,day,,50,60,500,mud,53
21,1_add,2004 cod  10k a day  winter oct-jan  daytime  30-50F high ,fish,2004,jan oct nov dec,cod,no,day,high,30,50,417,,54
21,add_2,2010 - 2011  cod  dec jan  high  45-49 F daytime,fish,2010,jan dec,cod,no,day,high,45,49,,,55
21,add_3,500/hour  cod  med  dec  26-32F,fish,,dec,cod,no,,medium,26,32,500,,56
22,15_avoid,2013 avoid march april  50F,avoid,2013,mar,avoid,no,,,50,50,,,59
22,18_avoid,2013 40-55 F avoid aug june ,avoid,2013,jun aug,avoid,no,,,40,55,,,60
22,20_avoid,2013 avoid in below months jan april may june july aug sept oct nov dec,avoid,2013,jan apr may jun jul aug sep ocv nov dec,avoid,no,,,,,,,61
22,27_avoid,2013 avoid march april  50F,avoid,2013,mar apr,avoid,no,,,50,50,,,62
22,28_avoid,avoid 2013 march april  50F,avoid,2013,mar apr,avoid,no,,,50,50,,,63
22,52_avoid,2013 40-55 F avoid aug june ,avoid,2013,jun aug,avoid,no,,,40,55,,,64
22,53_avoid,2013 40-55 F aug june  avoid,avoid,2013,jun aug,avoid,no,,,40,55,,,65
22,54_avoid,2013 40-55F aug june  avoid,avoid,2013,jun aug,avoid,no,,,40,55,,,66
22,66_avoid,2013 40-55 F aug june  avoid,avoid,2013,jun aug,avoid,no,,,40,55,,,67
22,67_avoid,2013 40-55 F avoid aug june ,avoid,2013,jun aug,avoid,no,,,40,55,,,68
22,69_avoid,2013 40-55 F avoid aug june ,avoid,2013,jun aug,avoid,no,,,40,55,,,69
22,closure_redo,"2004, 2010 cod medium day/night aug 80F large rock 200 per hour",fish,2004 2010,aug,cod,no,day night,medium,80,80,200,,70
22,closure-redo (10),"cod high 2004,2010 feb,march,april, may,june 30-40F night hard/ soft bottom scrod/market 500 an hour",fish,2004 2010,feb mar apr may jun,cod,no,night,high,30,40,500,,71
22,closure-redo (10)_ avoid,"2013 feb,march,april, may,june 30-40F night hard/ soft bottom scrod/market",avoid,2013,feb mar apr may jun,avoid,no,night,,30,40,,,72
22,cod_catch,confirmed catch,fish,,,specific,no,,,,,,,73
